idx,publishedAt,publishedAt_source,ingestedAt,domain,author,title,url,publishedAt_utc
news,2026-03-28T13:00:00+00:00,es_field,2026-03-28T19:45:27.707983+00:00,geeky-gadgets.com,Julian Horsey,Anthropic Claude Mythos AI World’s Newest Obsession a 10-Trillion Parameter,https://www.geeky-gadgets.com/trillion-parameter-model,2026-03-28T13:00:00+00:00
news,2026-04-01T16:05:08+00:00,es_field,2026-04-11T13:49:21.463037+00:00,smartchunks.com,SC Newsdesk,"Anthropic’s 10T Parameter Model Puts Pressure on OpenAI, Google",https://smartchunks.com/anthropic-claude-mythos-5-10-trillion-parameters-cybersecurity,2026-04-01T16:05:08+00:00
news,2026-04-05T16:02:36+00:00,es_field,2026-04-11T13:49:14.082174+00:00,smartchunks.com,SC Newsdesk,"Google Splits Gemini in Two, Betting on Both Speed and Smarts",https://smartchunks.com/google-gemini-3-1-ultra-gpqa-diamond-benchmark,2026-04-05T16:02:36+00:00
blog,2026-04-08T05:39:04+00:00,es_field,2026-04-11T04:23:25.175565+00:00,buildfastwithai.com,,Claude Mythos 5 Review: Anthropic's 10-Trillion Parameter Model (2026),https://www.buildfastwithai.com/blogs/claude-mythos-5-review-2026,2026-04-08T05:39:04+00:00
blog,2026-04-08T08:20:37+00:00,es_field,2026-05-27T05:29:28.957913+00:00,therightgpt.com,Chris,"Claude Code source leak is here — download the files before they vanish: meet Buddy, Mythos, and Undercover Mode",https://therightgpt.com/claude-code-source-leak-is-here-download-the-files-before-they-vanish-meet-buddy-mythos-and-undercover-mode,2026-04-08T08:20:37+00:00
blog,2026-04-08T14:20:24+00:00,es_field,2026-04-12T08:04:14.643584+00:00,daveshap.substack.com,David Shapiro,Project Glasswing - Anthropic has crossed a line,https://daveshap.substack.com/p/project-glasswing-anthropic-has-crossed,2026-04-08T14:20:24+00:00
blog,2026-04-10T06:06:27+00:00,es_field,2026-04-11T04:23:21.953382+00:00,buildfastwithai.com,,Anthropic Advisor Strategy: Smarter AI Agents (2026),https://www.buildfastwithai.com/blogs/anthropic-advisor-strategy-claude-api,2026-04-10T06:06:27+00:00
blog,2026-04-12T08:01:07+00:00,es_field,2026-04-17T14:44:59.668181+00:00,buildfastwithai.com,,Latest AI Models April 2026: Rankings & Features,https://www.buildfastwithai.com/blogs/latest-ai-models-april-2026,2026-04-12T08:01:07+00:00
blog,2026-04-17T00:00:00+00:00,es_field,2026-04-22T21:11:23.442713+00:00,aiautomationglobal.com,,Claude Opus 4.7 Retakes AI Lead — SWE-Bench Pro 64.3%,https://aiautomationglobal.com/blog/claude-opus-4-7-swe-bench-agentic-coding-2026,2026-04-17T00:00:00+00:00
blog,2026-04-17T04:33:09+00:00,es_field,2026-04-17T14:44:54.843689+00:00,buildfastwithai.com,,"Claude Opus 4.7: Full Review, Benchmarks & Features (2026)",https://www.buildfastwithai.com/blogs/claude-opus-4-7-review-benchmarks-2026,2026-04-17T04:33:09+00:00
blog,2026-04-18T11:53:41+00:00,es_field,2026-04-25T15:24:13.066081+00:00,buildfastwithai.com,,Claude Design: Complete Guide for Non-Designers (2026),https://www.buildfastwithai.com/blogs/claude-design-anthropic-guide-2026,2026-04-18T11:53:41+00:00
blog,2026-04-21T12:29:41+00:00,es_field,2026-06-06T08:27:11.470647+00:00,babicadesigns.blog,Anita Babic,The Drop | The $250 AI Stack That Replaced an $800K Team,https://www.babicadesigns.blog/p/the-drop-the-250-ai-stack-that-replaced,2026-04-21T12:29:41+00:00
blog,2026-05-01T00:00:00+00:00,es_field,2026-05-06T19:23:34.044218+00:00,andrew.ooo,,What is Claude Mythos 5? The 10T-Parameter Rumor (May 2026),https://andrew.ooo/answers/what-is-claude-mythos-5-10-trillion-parameter-may-2026,2026-05-01T00:00:00+00:00
blog,2026-05-03T00:00:00+00:00,es_field,2026-05-11T09:12:19.197104+00:00,mindstudio.ai,MindStudio Team,Claude Mythos: 5 Alarming Capabilities Buried in the Government Security Reports,https://www.mindstudio.ai/blog/claude-mythos-5-alarming-capabilities-government-security-reports,2026-05-03T00:00:00+00:00
blog,2026-05-14T12:53:40+00:00,es_field,2026-05-15T22:47:46.651592+00:00,buildfastwithai.com,,"Claude Mythos: Release Date, Access, and What Comes Next (2026)",https://www.buildfastwithai.com/blogs/claude-mythos-release-date-access-2026,2026-05-14T12:53:40+00:00
blog,2026-05-17T05:37:11+00:00,es_field,2026-05-29T00:14:54.383926+00:00,buildfastwithai.com,,"Claude Mythos in Google Cloud: What the Missing ""Preview"" Label Actually Means",https://www.buildfastwithai.com/blogs/claude-mythos-google-cloud-preview-label-2026,2026-05-17T05:37:11+00:00
blog,2026-05-25T12:56:32+00:00,es_field,2026-05-29T00:14:38.044484+00:00,buildfastwithai.com,,"Project Glasswing: Claude Mythos Found 23,019 Bugs",https://www.buildfastwithai.com/blogs/project-glasswing-claude-mythos-vulnerabilities-2026,2026-05-25T12:56:32+00:00
news,2026-05-28T14:30:17+00:00,scraped_v1,2026-05-28T17:02:55.847564+00:00,noticias.fyself.com,corp@blsindustriaytecnologia.com,"RSI es el nuevo AGI, pero es igual de difícil de identificar",https://noticias.fyself.com/rsi-es-el-nuevo-agi-pero-es-igual-de-dificil-de-identificar,2026-05-28T14:30:17+00:00
blog,2026-06-06T17:26:03+00:00,es_field,2026-06-07T01:06:40.024506+00:00,thewincentral.com,Nayan,"Claude-Mythos-5 Briefly Appears Online, Hinting at Anthropic’s Most Powerful AI Model Yet",https://thewincentral.com/claude-mythos-5-appears-online-anthropic-next-ai-model,2026-06-06T17:26:03+00:00
blog,2026-06-09T00:00:00+00:00,es_field,2026-06-10T00:21:17.107088+00:00,docs.databricks.com,,Anthropic Claude Fable 5 now available as a Databricks-hosted model,https://docs.databricks.com/aws/en/release-notes/product/2026/june,2026-06-09T00:00:00+00:00
blog,2026-06-09T14:15:00+00:00,es_field,2026-06-09T22:56:48.600420+00:00,amazonaws.com,aws@amazon.com,"AWS announces Claude Fable 5, the first generally available Mythos-class model",https://aws.amazon.com/about-aws/whats-new/2026/06/claude-fable-5-aws,2026-06-09T14:15:00+00:00
blog,2026-06-09T17:00:00+00:00,es_field,2026-06-09T22:45:58.974647+00:00,theverge.com,Robert Hart,Anthropic releases its first Mythos-class model Claude Fable,https://www.theverge.com/news/946725/anthropic-releases-claude-fable-5-mythos,2026-06-09T17:00:00+00:00
blog,2026-06-09T17:00:00+00:00,es_field,2026-06-09T23:53:35.626813+00:00,azure.microsoft.com,The Microsoft Foundry Team,Claude Fable 5 available today in Microsoft Foundry: Powering the next era of autonomous agents,https://azure.microsoft.com/en-us/blog/claude-fable-5-is-now-available-in-microsoft-foundry-powering-the-next-era-of-autonomous-agents,2026-06-09T17:00:00+00:00
news,2026-06-09T17:00:00+00:00,scraped_v1,2026-06-09T18:13:34.973648+00:00,eu.techcrunch.com,Rebecca Bellan,Anthropic’s Claude Fable 5 is a version of Mythos the public can access today,https://techcrunch.com/2026/06/09/anthropic-released-claude-fable-5-its-most-powerful-model-publicly-days-after-warning-ai-is-getting-too-dangerous,2026-06-09T17:00:00+00:00
news,2026-06-09T17:00:00.000Z,scraped_v1,2026-06-09T20:32:20.301633+00:00,zdnet.com,,Anthropic's new Claude Fable 5 is the same base model as Mythos but with guardrails attached,https://www.zdnet.com/article/anthropiclaude-fable-5-nerfed-mythos-with-guardrails,2026-06-09T17:00:00+00:00
news,2026-06-09T17:00:00+00:00,scraped_v1,2026-06-09T23:16:58.329664+00:00,techcrunch.com,Rebecca Bellan,Anthropic’s Claude Fable 5 is a version of Mythos the public can access today,https://techcrunch.com/2026/06/09/anthropics-claude-fable-5-is-a-version-of-mythos-the-public-can-access-today,2026-06-09T17:00:00+00:00
news,2026-06-09T17:00:00+00:00,scraped_v1,2026-06-10T00:36:07.913194+00:00,noticias.fyself.com,corp@blsindustriaytecnologia.com,Claude Fable 5 de Anthropic es la versión del mito ahora accesible al público en general,https://noticias.fyself.com/claude-fable-5-de-anthropic-es-la-version-del-mito-ahora-accesible-al-publico-en-general,2026-06-09T17:00:00+00:00
news,2026-06-09T17:00:01+00:00,scraped_v2,2026-06-09T22:45:26.392216+00:00,cnbc.com,,Anthropic releases Mythos-like AI model to the public two months after private rollout rocked Wall Street,https://www.cnbc.com/2026/06/09/anthropic-mythos-claude-fable-5.html,2026-06-09T17:00:01+00:00
news,2026-06-09T17:00:46.040Z,scraped_v1,2026-06-09T18:08:51.877931+00:00,backchannel.com,"Maxwell Zeff, Lily Hay Newman",Anthropic Offers Mythos Upgrade for Cyber Partners and a ‘Safe’ Version for the Rest of You,https://www.wired.com/story/anthropic-releases-claude-fable-5-mythos-5,2026-06-09T17:00:46.040000+00:00
blog,2026-06-09T17:04:20+00:00,es_field,2026-06-09T21:56:25.663993+00:00,itpro.com,Ross Kelly,"Anthropic just launched Claude Fable 5, its first Mythos-class AI model – but it has new safeguards to prevent misuse and will ‘fall back’ to Opus 4.8 for ‘high risk’ queries",https://www.itpro.com/technology/artificial-intelligence/anthropic-just-launched-claude-fable-5-its-first-mythos-class-ai-model-but-it-has-new-safeguards-to-prevent-misuse-and-will-fall-back-to-opus-4-8-for-high-risk-queries,2026-06-09T17:04:20+00:00
news,2026-06-09T17:14:37.802+00:00,scraped_v2,2026-06-09T17:20:02.487423+00:00,themeridiem.com,contact@themeridiem.com (The Meridiem Team),Anthropic Shifts to Guarded Release as Fable 5 Deploys Days After Warnings,https://themeridiem.com/ai/2026/06/09/anthropic-shifts-to-guarded-release-as-fable-5-deploys-days-after-warnings,2026-06-09T17:14:37.802000+00:00
news,2026-06-09T17:14:38.019+00:00,scraped_v2,2026-06-09T17:20:01.727392+00:00,themeridiem.com,contact@themeridiem.com (The Meridiem Team),AI Safety Shifts to Capability Gating as Anthropic Ships Mythos Model,https://themeridiem.com/ai/2026/06/09/ai-safety-shifts-to-capability-gating-as-anthropic-ships-mythos-model,2026-06-09T17:14:38.019000+00:00
news,2026-06-09T17:20:03+00:00,scraped_v1,2026-06-09T21:15:14.566351+00:00,diariobitcoin.com,Canuto,"Anthropic lanza Claude Fable 5, su versión pública de Mythos con bloqueo de ciberseguridad",https://www.diariobitcoin.com/tecnologia/anthropic-lanza-claude-fable-5-su-modelo-publico-de-mythos-con-restricciones-de-ciberseguridad,2026-06-09T17:20:03+00:00
news,2026-06-09T17:41:41.565Z,scraped_v1,2026-06-09T21:15:06.586052+00:00,aboutamazon.com,,Claude Fable 5 from Anthropic now available on AWS,https://www.aboutamazon.com/news/aws/claude-fable-5-anthropic-available-amazon-bedrock,2026-06-09T17:41:41.565000+00:00
blog,2026-06-09T18:00:14+00:00,es_field,2026-06-09T20:40:54.452508+00:00,sdtimes.com,David Rubinstein,"Anthropic releases Claude Fable 5, Mythos 5",https://sdtimes.com/anthropic-releases-claude-fable-5-claud-mythos-5,2026-06-09T18:00:14+00:00
news,2026-06-09T20:16:30+02:00,scraped_v1,2026-06-09T19:28:20.778883+00:00,businessinsider.es,"Business Insider España, Bloomberg",Anthropic lanza una versión de su potente modelo Mythos capada para ciberseguridad,https://www.businessinsider.es/tecnologia/anthropic-lanza-una-version-su-potente-modelo-mythos-capada-para-ciberseguridad_6981293_0.html,2026-06-09T18:16:30+00:00
news,2026-06-09T14:25:49-04:00,scraped_v1,2026-06-09T20:12:53.957992+00:00,nerds.xyz,Brian Fagioli,Anthropic says Claude Mythos 5 is simply too dangerous for public release,https://nerds.xyz/2026/06/anthropic-claude-mythos-5-too-dangerous-for-public-release,2026-06-09T18:25:49+00:00
news,2026-06-09T18:52:02+00:00,scraped_v1,2026-06-10T00:13:59.404005+00:00,sea.mashable.com,Chance Townsend,Claude Fable 5: Anthropic releases a 'safe' version of Claude Mythos,https://sea.mashable.com/tech/49723/claude-fable-5-anthropic-releases-a-safe-version-of-claude-mythos,2026-06-09T18:52:02+00:00
news,2026-06-09T18:56:11+00:00,scraped_v1,2026-06-09T22:16:01.151289+00:00,windowsnews.ai,,Claude Fable 5 Launch: Tiered AI Routing to Opus 4.8 for High-Risk Requests,https://windowsnews.ai/article/claude-fable-5-launch-tiered-ai-routing-to-opus-48-for-high-risk-requests.424279,2026-06-09T18:56:11+00:00
blog,2026-06-09T19:27:06+00:00,es_field,2026-06-09T22:14:01.085301+00:00,thetechportal.com,Ashutosh Singh,Anthropic introduces ‘Claude Mythos 5’ and ‘Claude Fable 5’ with different access levels for users,https://thetechportal.com/2026/06/10/anthropic-introduces-claude-mythos-5-and-claude-fable-5-with-different-access-levels-for-users,2026-06-09T19:27:06+00:00
news,2026-06-09T20:23:39+00:00,scraped_v1,2026-06-10T00:19:23.496897+00:00,engadget.com,staff@engadget.com (Igor Bonifacic),Anthropic's Fable AI brings the capabilities of its unreleased Mythos model to regular users,https://www.engadget.com/2190934/anthropic-fable-ai-brings-the-capabilities-of-its-unreleased-mythos-model-to-regular-users,2026-06-09T20:23:39+00:00
news,2026-06-09T20:25:00.000Z,scraped_v1,2026-06-09T22:15:50.031097+00:00,cnet.com,Katelyn Chedraoui,Anthropic's Claude Fable 5 Is the First Mythos-Level AI Model You Can Actually Use,https://www.cnet.com/tech/services-and-software/claude-fable-5-first-mythos-ai-model-anthropic-safety-news,2026-06-09T20:25:00+00:00
news,2026-06-09T20:31:03+00:00,scraped_v1,2026-06-09T21:04:01.140456+00:00,analyticsvidhya.com,Riya Bansal,I Tested Claude Fable 5: Can Anthropic’s Newest AI Deliver on the Hype?,https://www.analyticsvidhya.com/blog/2026/06/testing-claude-fable-5-hype-or-reality,2026-06-09T20:31:03+00:00
news,2026-06-09T22:53:08+02:00,scraped_v1,2026-06-09T23:12:12.800207+00:00,awesomeagents.ai,Daniel Okafor,Anthropic Releases Fable 5 Despite Its Own AI Safety Warning,https://awesomeagents.ai/news/anthropic-claude-fable-5-public,2026-06-09T20:53:08+00:00
news,2026-06-09T22:53:21+02:00,scraped_v1,2026-06-09T23:12:11.999483+00:00,awesomeagents.ai,James Kowalski,Claude Fable 5,https://awesomeagents.ai/models/claude-fable-5,2026-06-09T20:53:21+00:00
news,2026-06-09T21:18:47.347722+00:00,ingestedAt_fallback,2026-06-09T21:18:47.347722+00:00,news.google.com,,Anthropic releases Mythos-class Fable 5 model with safeguards for cyber risks - csoonline.com,https://news.google.com/rss/articles/CBMiwgFBVV95cUxNZ1VwYUV3UEdkSTFPQi1QWGdnNW1kOEJHSHg4bF84MEhGRGlyWk1POWthcU1tWlV3Mmg1aHlzQlVBYkJNdGEzZkNOb1RyWEpCMnFmZWU5T1p3QmZYb01tMW5HRjk5azh1Y3ZJQ0IxLUtTcDZzWmEtdjVNQXNUdHZoX092czFVVE9URFh3b2F5R3h1emo4X2R6Nlo5Qmt5cWJSMk5Vbk5OSENpYjYzeTlWUlVsdEE1WHh5MnAzdzdFQTVSQQ,2026-06-09T21:18:47.347722+00:00
news,2026-06-09T21:40:51+00:00,scraped_v1,2026-06-09T22:15:28.576344+00:00,windowsnews.ai,,Anthropic’s Claude Fable 5 Arrives on Microsoft Foundry with Enterprise-Grade Guardrails,https://windowsnews.ai/article/anthropics-claude-fable-5-arrives-on-microsoft-foundry-with-enterprise-grade-guardrails.424414,2026-06-09T21:40:51+00:00
news,2026-06-09T21:49:31.735859+00:00,ingestedAt_fallback,2026-06-09T21:49:31.735859+00:00,itmagazine.com,Editor,Anthropic Unveils Mythos Upgrade for Cyber Partners and a ‘Safe’ Version for General Users,https://itmagazine.com/2026/06/09/anthropic-unveils-mythos-upgrade-for-cyber-partners-and-a-safe-version-for-general-users,2026-06-09T21:49:31.735859+00:00
