date,index,domain,sense,snippet
2026-05-07,blog,podrocket.logrocket.com,GENUINE,agentic loop engineering with auto research
2026-05-11,blog,anup.io,GENUINE,Welcome to Middle Loop Engineering
2026-06-08,news,alphasignalai.substack.com,GENUINE,Loop engineering is building a system that prompts your agent
2026-06-09,blog,sumantthakur.substack.com,GENUINE,Loop engineering is replacing prompt engineering
2026-06-09,news,antoinebuteau.com,GENUINE,Loop Engineering. - Addy Osmani
2026-06-09,news,bensbites.substack.com,GENUINE,Loop Engineering by Addy Osmani
2026-06-09,news,mer.vin,GENUINE,Loop engineering means you stop being the person who types
2026-06-10,blog,blog.scrapinghub.com,GENUINE,Addy Osmani has given the practice a name: loop engineering
2026-06-10,news,linas.substack.com,GENUINE,from manual prompter to loop engineer
2026-03-30,jobs,jobs.ashbyhq.com,PROTEIN,"loop engineering, protein-protein complex structure"
2026-05-18,jobs,job-boards.greenhouse.io,CLOSED-LOOP,closed-loop engineering system
2026-03-29,jobs,jobs.lever.co,HIL,Hardware-in-the-Loop Engineer
2026-04-30,jobs,careers.jhuapl.edu,HIL,Senior Embedded Systems & Hardware-in-the-Loop Engineer
2026-04-30,jobs,careers.jhuapl.edu,HIL,Hardware in the Loop Engineer
2026-04-14,blog,preprod.cloud,HIL,hardware-in-the-loop engineering (PBN)
2026-03-30,jobs,boards.greenhouse.io,INTERVIEW-LOOP,Loop: Engineering Leadership Interview
2026-03-30,jobs,boards.greenhouse.io,INTERVIEW-LOOP,Loop: Engineering Leadership Interview
2026-05-02,jobs,jobs.generalcatalyst.com,INTERVIEW-LOOP,Loop: Engineering Leadership Interview
2026-04-24,blog,softwareseni.com,HITL,Human-in-the-Loop (engineer drives and approves)
2026-05-09,blog,qbitshared.com,HITL,human-in-the-loop engineering workflows
2026-05-21,blog,embarkingonvoyage.com,HITL,Human-in-the-Loop Engineering
2026-05-23,scholarly,cs.ai,HITL,"human-in-the-loop engineering, limiting transferability"
2026-01-04,blog,mwolson.org,SENTENCE-BOUNDARY,autonomous loop: Engineer picks up a task
2026-03-11,blog,powerapp.pro,SENTENCE-BOUNDARY,closes the loop: engineering delivers (PBN)
2026-05-15,blog,techbytes.app,SENTENCE-BOUNDARY,"evaluation loop, engineering teams"
2026-04-11,blog,kickstarts.info,FEEDBACK-LOOP,feedback-loop engineering (PBN)
2026-05-27,blog,martech360.com,VIRAL-LOOP,Viral Loop Engineering (growth marketing)
