canonical_skill,n_jobs,n_employers,top5_share,hhi,top1_employer,top1_share
catboost,34,7,94.12,0.51903,Braze,70.59
testing frameworks,38,10,86.84,0.42382,Braze,63.16
language modeling,33,10,84.85,0.32966,Anthropic,54.55
tpu,31,12,77.42,0.20291,Waymo,35.48
transfer learning,33,13,69.7,0.19376,Waymo,39.39
few-shot learning,43,16,72.09,0.18226,Celonis,34.88
agent architectures,38,20,60.53,0.18144,Anthropic,39.47
attention mechanisms,37,18,64.86,0.17458,Anthropic,37.84
incident response,47,19,63.83,0.16252,Sezzle,36.17
gradient boosting,46,19,67.39,0.15974,fundraiseup,34.78
radar,32,14,71.88,0.1543,torcrobotics,25.0
ai engineering,43,23,58.14,0.14981,Sezzle,34.88
project management,39,18,64.1,0.14793,Boston Consulting Group,33.33
seaborn,50,23,60.0,0.136,cobblestoneenergy4,32.0
data querying,44,13,72.73,0.13533,Airwallex,25.0
schema design,31,19,54.84,0.13424,Airwallex,32.26
integration testing,37,22,54.05,0.13221,Teradata,32.43
clickhouse,30,17,60.0,0.13111,fundraiseup,30.0
autonomous driving,36,11,72.22,0.125,zoox,19.44
model distillation,41,19,60.98,0.11957,Waymo,24.39
lidar,49,23,61.22,0.11454,torcrobotics,24.49
optimization techniques,30,15,66.67,0.11111,Xometry,20.0
data aggregation,30,19,53.33,0.11111,quberesearchandtechnologies,26.67
data security,32,21,50.0,0.10742,OpenAI,28.12
machine learning pipelines,71,36,46.48,0.10534,Braze,29.58
high-performance computing,62,34,48.39,0.1051,Anthropic,29.03
calculus,30,15,63.33,0.10222,Waabi,16.67
xla,33,14,63.64,0.10193,Graphcore,15.15
ai safety,31,19,54.84,0.10094,Anthropic,22.58
generative modeling,60,25,56.67,0.10056,Waymo,25.0
model architecture,43,27,46.51,0.10005,Anthropic,27.91
pydantic,57,27,59.65,0.0988,Celonis,19.3
cohort analysis,36,22,52.78,0.09568,Preply,25.0
backend services,50,27,50.0,0.0952,Sezzle,26.0
prediction,47,21,59.57,0.09371,Waymo,19.15
scientific computing,31,19,54.84,0.09261,Anthropic,22.58
llmops,52,27,50.0,0.09098,Databricks,25.0
document understanding,31,18,54.84,0.08845,PandaDoc,19.35
dynamodb,31,20,51.61,0.08845,Twilio,22.58
sentiment analysis,36,20,55.56,0.08796,Matterworks,16.67
pgvector,31,20,51.61,0.08637,Clara,16.13
domain adaptation,39,23,48.72,0.08613,Waymo,23.08
context engineering,70,39,44.29,0.08612,Anthropic,25.71
large-scale data processing,32,22,46.88,0.08594,Anthropic,21.88
predictive models,32,21,50.0,0.08594,Adobe,21.88
large-scale datasets,33,20,54.55,0.0854,Adobe,18.18
motion planning,36,20,52.78,0.08488,Waabi,16.67
probabilistic modeling,30,19,53.33,0.08444,Spotify,16.67
llama,31,20,51.61,0.08429,Lightfield,19.35
statsmodels,31,18,51.61,0.08429,Tide,16.13
plotly,31,19,51.61,0.08429,grvt,19.35
prompting,101,58,39.6,0.08342,Anthropic,26.73
model tuning,37,21,56.76,0.08254,SonarSource,16.22
perception,35,23,48.57,0.08245,Waabi,20.0
gpu,58,28,51.72,0.08205,Waymo,20.69
quantitative analysis,74,33,52.7,0.08181,TikTok,18.92
operations research,61,31,49.18,0.08143,Boston Consulting Group,22.95
qlora,30,19,46.67,0.08,bjakcareer,20.0
llm integration,33,19,51.52,0.07989,Clara,15.15
full-stack development,59,34,45.76,0.07957,Sezzle,23.73
multi-agent orchestration,60,34,43.33,0.07833,Celonis,23.33
slurm,31,19,51.61,0.07804,Mistral AI,16.13
dagster,32,22,46.88,0.07617,Twilio,18.75
distributed data processing,34,21,50.0,0.07612,Opendoor,17.65
software development,47,28,46.81,0.0756,Boston Consulting Group,21.28
profiling,65,39,44.62,0.0755,Anthropic,23.08
time-series analysis,34,22,50.0,0.07439,PandaDoc,14.71
error analysis,33,23,45.45,0.07438,Cresta,18.18
uplift modeling,54,32,40.74,0.07339,fundraiseup,22.22
code reviews,145,57,53.79,0.07263,Braze,16.55
object-oriented programming,41,25,48.78,0.07198,Shift Technology,17.07
mongodb,41,29,41.46,0.07198,fundraiseup,21.95
triton,79,41,46.84,0.07194,Graphcore,21.52
coding,36,20,50.0,0.07099,Waymo,13.89
next.js,48,29,43.75,0.07031,doitintl,18.75
time series,41,23,48.78,0.0696,Capital One,14.63
agile,41,27,43.9,0.0696,Striveworks,19.51
calibration,33,23,45.45,0.06887,Anthropic,18.18
mentoring,33,22,48.48,0.06887,Lightfield,15.15
evaluation systems,33,21,45.45,0.06887,bjakcareer,15.15
tool-calling,33,21,45.45,0.06703,hyphenconnect,15.15
text classification,33,24,42.42,0.06703,Matterworks,18.18
data acquisition,42,27,42.86,0.06689,Opendoor,19.05
data architecture,44,29,45.45,0.06612,artefact,18.18
sensor fusion,54,26,48.15,0.06584,andurilindustries,12.96
gpt,31,22,45.16,0.06556,Xometry,12.9
routing,31,22,45.16,0.06556,Govini,16.13
hive,74,33,41.89,0.06538,TikTok,18.92
cnns,33,22,48.48,0.0652,Socure,12.12
feature pipelines,33,22,45.45,0.0652,Affirm,15.15
speech recognition,48,24,47.92,0.0651,Hippocratic AI,12.5
advanced analytics,65,36,47.69,0.06462,Boston Consulting Group,16.92
gemini,32,21,43.75,0.06445,Fieldguide,12.5
gans,34,22,44.12,0.06401,Adobe,14.71
aws bedrock,39,26,41.03,0.06377,externaljobboards,17.95
streamlit,39,25,46.15,0.06377,grvt,15.38
transformer architectures,66,37,40.91,0.06336,Anthropic,19.7
image processing,50,30,42.0,0.0624,Adobe,18.0
data storytelling,38,23,47.37,0.06233,rockstargames,10.53
regression testing,34,23,44.12,0.06228,Govini,14.71
machine learning engineering,30,22,43.33,0.06222,Motional,13.33
relational databases,75,37,46.67,0.06204,Reddit,16.0
open-source,51,29,43.14,0.0619,Mistral AI,15.69
deep neural networks,33,23,42.42,0.06152,Waymo,15.15
decision trees,33,23,42.42,0.06152,Dropbox,15.15
benchmarks,35,26,40.0,0.06122,Anthropic,17.14
c#,43,29,41.86,0.06111,Shift Technology,16.28
bias mitigation,38,25,42.11,0.06094,Matterworks,15.79
video generation,48,26,45.83,0.06076,deepmind,12.5
synthetic data,49,31,44.9,0.06039,cobblestoneenergy4,16.33
reward modeling,60,33,40.0,0.06,Anthropic,18.33
model architectures,40,26,42.5,0.06,Rhoda AI,15.0
nosql,91,51,36.26,0.05978,Teradata,20.88
vision-language models,89,49,44.94,0.05971,Waymo,16.85
tracking,33,21,39.39,0.05969,zoox,12.12
mysql,34,24,41.18,0.05882,Twilio,14.71
scaling,34,27,35.29,0.05882,Graphcore,17.65
grpo,34,21,41.18,0.05882,OKX,8.82
redshift,40,26,40.0,0.05875,Twilio,15.0
data products,32,23,43.75,0.05859,Netflix,12.5
business intelligence,39,23,43.59,0.05851,OpenAI,10.26
diffusion,38,22,42.11,0.05817,meshy,10.53
gpu clusters,42,27,42.86,0.05782,Luma AI,14.29
rag systems,30,25,33.33,0.05778,"Collibra, Inc.",16.67
performance monitoring,37,25,40.54,0.05771,m-kopa,13.51
matlab,40,27,42.5,0.0575,Meta,12.5
instrumentation,47,27,42.55,0.05749,OpenAI,12.77
language models,56,36,41.07,0.0574,Anthropic,17.86
tool calling,39,28,41.03,0.0572,Teradata,15.38
experimentation design,39,25,41.03,0.0572,Appnovation,12.82
programming,34,22,38.24,0.05709,Bosch,11.76
data exploration,68,41,38.24,0.05709,bah,17.65
ml ops,38,26,42.11,0.05679,Waymo,13.16
keras,118,60,35.59,0.05674,Braze,20.34
workflow orchestration,42,27,42.86,0.05669,Twilio,11.9
system architecture,41,28,41.46,0.05651,hyphenconnect,14.63
speech-to-text,37,27,37.84,0.05625,Matterworks,16.22
information extraction,39,27,43.59,0.05588,Shift Technology,12.82
sft,44,28,38.64,0.05579,bjakcareer,13.64
huggingface,87,58,32.18,0.05562,Databricks,20.69
economics,30,23,40.0,0.05556,Capital One,13.33
c,66,38,45.45,0.0551,Meta,12.12
unit testing,70,40,40.0,0.0551,Teradata,17.14
caching,40,30,37.5,0.055,Anthropic,15.0
reporting,40,31,35.0,0.055,TikTok,17.5
jupyter notebooks,46,28,39.13,0.05482,Xometry,13.04
measurement frameworks,37,26,40.54,0.05478,OpenAI,13.51
statistical models,39,26,38.46,0.05457,Waymo,12.82
claude code,51,37,37.25,0.05421,doitintl,17.65
deep learning frameworks,43,27,41.86,0.05354,Anthropic,11.63
scripting,30,23,40.0,0.05333,Airwallex,10.0
recommendations,30,22,36.67,0.05333,Databricks,10.0
memory management,31,23,38.71,0.05307,Anthropic,9.68
knowledge distillation,35,25,40.0,0.05306,Motional,11.43
security,84,54,36.9,0.053,Sezzle,16.67
inference pipelines,41,28,41.46,0.05294,Adobe,12.2
infrastructure as code,46,29,39.13,0.05293,thoughtworksreferral,13.04
agentic frameworks,45,31,37.78,0.05284,cobblestoneenergy4,15.56
aws lambda,60,39,38.33,0.05278,externaljobboards,16.67
pruning,51,33,37.25,0.05267,hyphenconnect,15.69
amazon s3,42,28,40.48,0.05215,Twilio,11.9
grafana,42,30,38.1,0.05215,Sezzle,14.29
devops,81,57,30.86,0.05197,Boston Consulting Group,19.75
django,34,27,35.29,0.0519,Mercor,14.71
rlaif,34,25,38.24,0.0519,DeepL,11.76
autonomous agents,37,28,37.84,0.05186,Confidential,13.51
jax,413,148,39.71,0.05177,Waymo,18.16
s3,41,29,36.59,0.05175,mirakllabs,14.63
agentic ai systems,35,26,40.0,0.05143,inmobi,11.43
text-to-speech,43,29,37.21,0.05138,Hippocratic AI,13.95
function calling,50,36,38.0,0.0512,Celonis,14.0
backend systems,30,25,33.33,0.05111,Mercor,13.33
time-series,30,25,33.33,0.05111,Faculty,13.33
spacy,39,27,35.9,0.05062,Matterworks,12.82
data processing pipelines,53,33,41.51,0.0502,Anthropic,11.32
ocr,58,41,34.48,0.04994,PandaDoc,17.24
econometrics,45,26,37.78,0.04988,Instacart,8.89
robustness,52,30,38.46,0.04956,Matterworks,9.62
scalable systems,48,31,39.58,0.04948,DataCamp,12.5
signal processing,53,34,35.85,0.04948,Spotify,15.09
apache airflow,36,26,36.11,0.04938,mirakllabs,11.11
llm orchestration,46,34,36.96,0.04915,Celonis,15.22
ablation studies,37,26,35.14,0.04894,DeepL,10.81
asr,31,24,35.48,0.04891,DeepL,9.68
api development,45,32,37.78,0.04889,fundraiseup,13.33
reliability,53,35,39.62,0.04877,Anthropic,13.21
cloud environments,42,30,38.1,0.04875,Hippocratic AI,11.9
reliability engineering,85,51,36.47,0.0483,Anthropic,16.47
redis,41,28,34.15,0.04819,TRM Labs,12.2
model compression,58,34,36.21,0.04816,hyphenconnect,13.79
vlms,43,29,37.21,0.04813,PandaDoc,9.3
multimodal models,87,49,35.63,0.04796,cobblestoneenergy4,16.09
self-supervised learning,42,29,38.1,0.04762,Speechmatics,9.52
alignment,58,40,37.93,0.04756,Adobe,13.79
distillation,84,49,38.1,0.04705,Adobe,15.48
tracing,41,29,34.15,0.047,ruby-labs,12.2
attribution modeling,45,30,35.56,0.04691,radaranalytics,11.11
continuous integration,33,25,33.33,0.04683,hoppr,9.09
graphql,33,27,33.33,0.04683,GitLab,12.12
pre-training,54,34,38.89,0.04664,Waymo,11.11
open-source contributions,44,28,36.36,0.04649,mistral,9.09
production ml systems,36,30,30.56,0.0463,inDrive,13.89
mcp,73,45,39.73,0.04597,Anthropic,10.96
supervised fine-tuning,55,33,38.18,0.04595,OpenAI,9.09
dashboarding,56,37,33.93,0.04592,OpenAI,14.29
data integration,70,50,31.43,0.04571,Braze,17.14
statistical techniques,38,28,34.21,0.04571,Reddit,10.53
tokenization,38,28,34.21,0.04571,Sezzle,10.53
tensorrt,71,41,36.62,0.04543,Adobe,11.27
algorithm development,46,33,34.78,0.04537,zoox,13.04
onnx,39,29,35.9,0.04536,Metropolis,10.26
safety,39,29,35.9,0.04536,bjakcareer,10.26
data augmentation,54,33,37.04,0.04527,torcrobotics,9.26
documentation,65,46,35.38,0.04521,Anthropic,15.38
production systems,34,27,35.29,0.04498,Quora,8.82
data integrity,32,26,34.38,0.04492,Anthropic,9.38
model context protocol,31,25,32.26,0.04475,Kaluza,6.45
real-time systems,31,28,25.81,0.04475,Wayve,12.9
model testing,30,25,33.33,0.04444,Adobe,6.67
production machine learning,38,31,31.58,0.04432,doordashusa,13.16
backend development,42,31,35.71,0.04422,Mistral AI,9.52
sagemaker,47,31,34.04,0.04391,Opendoor,10.64
time series analysis,53,35,35.85,0.04379,radaranalytics,11.32
llm fine-tuning,49,36,30.61,0.04373,Airbnb,14.29
regression analysis,46,33,30.43,0.04348,radaranalytics,13.04
simulation,127,64,33.86,0.04346,Waymo,15.75
structured outputs,41,31,31.71,0.04343,ruby-labs,12.2
dataset curation,41,33,31.71,0.04343,PandaDoc,12.2
github actions,35,29,31.43,0.04327,decathlontechnologyen,11.43
c/c++,54,38,33.33,0.04321,Waymo,11.11
claude,33,27,33.33,0.04316,MYOB,9.09
evaluation metrics,32,27,31.25,0.04297,Adobe,9.38
matplotlib,101,57,32.67,0.04284,cobblestoneenergy4,15.84
data extraction,58,38,31.03,0.04281,quberesearchandtechnologies,13.79
generative models,80,48,32.5,0.04281,Waymo,15.0
graph databases,31,27,29.03,0.04266,Affinity,9.68
performance optimization,102,71,28.43,0.04248,Anthropic,17.65
imitation learning,59,36,35.59,0.04223,Waabi,8.47
context management,30,27,26.67,0.04222,Letta,10.0
large-scale training,48,32,31.25,0.04167,Luma AI,10.42
responsible ai,36,30,30.56,0.04167,Meta,11.11
system design,85,56,34.12,0.04166,Sezzle,14.12
reasoning,51,35,35.29,0.04114,Waymo,9.8
feedback loops,32,27,31.25,0.04102,trovohealth,6.25
amazon sagemaker,83,47,34.94,0.0405,Twilio,12.05
retrieval pipelines,37,31,29.73,0.04018,Fieldguide,10.81
data management,40,30,30.0,0.04,grvt,7.5
flask,55,37,32.73,0.04,datatonic,9.09
workflow automation,52,38,32.69,0.03994,hyphenconnect,11.54
product analytics,54,37,31.48,0.03978,TikTok,11.11
multi-step reasoning,54,39,31.48,0.03978,bjakcareer,11.11
time-series forecasting,48,33,31.25,0.03906,PhysicsX,8.33
feature extraction,39,32,30.77,0.03879,Deel,10.26
prototyping,66,43,34.85,0.03857,Anthropic,10.61
conversational ai,42,32,28.57,0.03855,ASAPP,9.52
multimodal ai,31,29,22.58,0.0385,OpenAI,9.68
compliance,47,35,29.79,0.03848,ClickUp,10.64
validation,43,33,30.23,0.0384,Sonatus,9.3
data mining,171,81,38.6,0.03827,Meta,9.36
hyperparameter tuning,66,40,33.33,0.03765,inmobi,9.09
sas,50,34,30.0,0.0376,turing.com,8.0
weaviate,47,38,29.79,0.03757,Clara,10.64
lightgbm,40,32,30.0,0.0375,haystacknews,7.5
big data,38,31,28.95,0.0374,BAE Systems,7.89
excel,38,31,28.95,0.0374,Ekimetrics,7.89
autogen,51,39,29.41,0.03729,hyphenconnect,11.76
vertex ai,68,43,32.35,0.0372,Twilio,8.82
llm apis,66,49,28.79,0.03719,doitintl,13.64
experiment tracking,110,67,30.0,0.03686,fundraiseup,14.55
alerting,60,40,30.0,0.03667,Scopely,10.0
databases,31,29,22.58,0.03642,Sleeper,6.45
automated testing,49,35,28.57,0.03623,hoppr,8.16
llm evaluation,74,52,32.43,0.03616,Mercor,10.81
versioning,38,32,28.95,0.03601,Reddit,7.89
data warehousing,38,33,26.32,0.03601,Geotab,7.89
scipy,69,46,30.43,0.03592,PhysicsX,10.14
terraform,155,84,27.74,0.03584,Braze,15.48
agent frameworks,47,38,29.79,0.03576,Govini,10.64
representation learning,51,39,31.37,0.03576,Reddit,9.8
kafka,99,52,31.31,0.03561,Teradata,11.11
time series forecasting,48,37,31.25,0.03559,artefactlinkedin,8.33
experimentation frameworks,44,36,29.55,0.03512,eBay,9.09
diffusion models,159,85,32.08,0.03477,Adobe,12.58
data manipulation,71,46,28.17,0.03472,TikTok,11.27
model fine-tuning,55,42,29.09,0.03471,Anthropic,10.91
elasticsearch,38,32,26.32,0.03463,Mercor,5.26
search,53,40,28.3,0.03453,Pinterest,9.43
recommender systems,82,48,32.93,0.0345,fundraiseup,7.32
api integration,37,32,27.03,0.03433,StackBlitz,5.41
mathematics,67,47,31.34,0.03408,Netflix,10.45
fsdp,45,35,26.67,0.03407,xpengmotors,6.67
semantic search,90,59,31.11,0.03407,PandaDoc,11.11
prompt design,47,35,25.53,0.03395,Podium,6.38
multi-agent systems,120,77,29.17,0.03375,Databricks,14.17
explainability,54,37,25.93,0.03361,xAI,7.41
human-in-the-loop,72,47,27.78,0.03356,doitintl,11.11
faiss,35,32,22.86,0.03347,webAl,5.71
model inference,51,38,27.45,0.03345,Adobe,7.84
cost optimization,55,45,27.27,0.03339,bjakcareer,10.91
data preparation,73,50,31.51,0.03321,fundraiseup,8.22
model performance evaluation,32,31,18.75,0.0332,DataCamp,6.25
cursor,46,38,28.26,0.03308,Pinterest,8.7
active learning,47,38,29.79,0.03305,Docugami,6.38
linear algebra,91,48,29.67,0.03297,andurilindustries,7.69
deepspeed,54,39,27.78,0.03292,JetBrains,7.41
code review,53,39,26.42,0.0324,Grafana Labs,7.55
dpo,60,44,26.67,0.03222,bjakcareer,10.0
model lifecycle management,39,34,25.64,0.03222,Speechmatics,5.13
multimodal learning,47,38,25.53,0.03214,deepmind,8.51
xgboost,176,93,27.84,0.03202,Braze,13.64
modeling,52,41,26.92,0.0318,Moloco,7.69
aws sagemaker,67,47,26.87,0.03141,Sezzle,8.96
cuda,160,74,30.62,0.03125,Graphcore,10.62
drift detection,47,38,25.53,0.03124,Anthropic,6.38
feature stores,50,41,28.0,0.0312,impact,8.0
data wrangling,51,38,23.53,0.03114,definitivehcindia,5.88
postgres,65,45,26.15,0.03101,Fieldguide,7.69
object detection,88,51,28.41,0.03099,Waymo,7.95
genai,137,79,29.93,0.03085,Databricks,10.95
metrics,99,62,28.28,0.03071,TikTok,11.11
cloud infrastructure,82,58,28.05,0.03064,Anthropic,10.98
data validation,87,61,28.74,0.03052,zoox,9.2
ml infrastructure,48,40,25.0,0.03038,Anthropic,8.33
post-training,113,60,29.2,0.02984,deepmind,7.96
reinforcement learning,605,263,27.6,0.02983,Anthropic,14.21
foundation models,170,95,25.29,0.02983,Waymo,13.53
linux,79,49,27.85,0.02964,Qualcomm,6.33
information retrieval,97,58,27.84,0.02944,Spotify,9.28
microservices,70,50,24.29,0.02939,hyphenconnect,10.0
distributed systems,349,175,29.23,0.02933,Anthropic,13.47
distributed computing,79,51,27.85,0.02932,datatonic,7.59
vllm,83,52,27.71,0.02918,komodohealth,7.23
knowledge graphs,45,39,24.44,0.02914,capco,6.67
model selection,58,46,25.86,0.02913,m-kopa,8.62
planning,80,51,27.5,0.02906,Teradata,7.5
data annotation,44,39,22.73,0.02893,Weave,6.82
training pipelines,76,54,27.63,0.02874,Anthropic,9.21
reproducibility,79,57,29.11,0.02868,datatonic,7.59
agents,72,52,25.0,0.02855,cobblestoneenergy4,9.72
analytics,99,59,26.26,0.02765,Adobe,6.06
embedding models,47,41,23.4,0.02761,Discord,6.38
inference optimization,75,50,25.33,0.02756,twelve-labs,6.67
robotics,91,55,26.37,0.02741,Waabi,6.59
memory,70,51,24.29,0.02735,Teradata,8.57
agent orchestration,53,44,22.64,0.0267,Meta,5.66
hadoop,121,62,25.62,0.02657,eBay,6.61
lora,75,52,22.67,0.02649,bjakcareer,8.0
anthropic,64,49,23.44,0.02637,Fieldguide,6.25
looker,117,66,26.5,0.02637,Wolt,7.69
rust,98,60,26.53,0.02624,Striveworks,7.14
agentic ai,136,91,25.74,0.02617,Teradata,11.76
data infrastructure,59,47,22.03,0.02614,Waymo,6.78
scala,155,71,25.81,0.0261,Spotify,6.45
c++,455,193,24.4,0.02594,Waymo,13.19
crewai,52,44,21.15,0.02589,sonarsource,5.77
evaluation frameworks,319,188,21.94,0.02568,Anthropic,14.11
probability,104,63,25.0,0.02552,Xometry,6.73
api design,65,50,23.08,0.02533,Mistral AI,6.15
ranking,112,71,26.79,0.02519,Reddit,8.04
fraud detection,117,64,24.79,0.02506,Sezzle,6.84
data governance,61,49,22.95,0.02499,guidehouse,4.92
retrieval systems,62,48,20.97,0.02497,cultureamp,4.84
react,179,109,22.91,0.02494,Sezzle,12.29
predictive analytics,79,60,22.78,0.02484,eBay,8.86
llamaindex,98,74,24.49,0.02478,Celonis,10.2
data structures,99,63,24.24,0.02459,Adobe,6.06
statistical methods,88,58,23.86,0.02428,Spotify,5.68
evaluation pipelines,94,64,25.53,0.02422,ruby-labs,6.38
hypothesis testing,155,92,27.1,0.0241,TikTok,8.39
cloud computing,80,57,22.5,0.02406,Graphcore,7.5
guardrails,106,71,25.47,0.02403,doitintl,7.55
inference,139,84,25.18,0.02396,Mistral AI,8.63
machine learning models,64,52,21.88,0.02393,Moloco,6.25
node.js,94,64,24.47,0.02377,Teamwork,6.38
postgresql,88,63,25.0,0.02376,Underdog.io,5.68
etl,208,118,27.4,0.02376,Anthropic,9.62
kubeflow,110,68,24.55,0.02364,Twilio,5.45
synthetic data generation,106,70,24.53,0.02332,cobblestoneenergy4,7.55
experimental design,200,102,26.0,0.0232,Opendoor,7.5
go,220,123,24.55,0.02318,Teradata,10.45
containerization,134,89,24.63,0.02317,Teradata,8.96
rag pipelines,80,59,22.5,0.02281,Perplexity,6.25
algorithms,145,78,23.45,0.02278,Anthropic,7.59
pinecone,86,66,24.42,0.02271,Lightfield,5.81
debugging,177,96,24.86,0.02269,Anthropic,8.47
model optimization,167,104,26.95,0.02234,Adobe,8.38
model versioning,98,67,23.47,0.02228,Anduril,6.12
rlhf,121,84,20.66,0.02206,Anthropic,9.92
ray,132,78,23.48,0.02192,Opendoor,6.06
data cleaning,195,109,24.62,0.02191,cobblestoneenergy4,8.21
logging,79,60,18.99,0.02163,ClickUp,6.33
ml pipelines,69,56,18.84,0.02163,Waymo,5.8
software engineering,220,132,22.27,0.02149,Anthropic,10.91
real-time inference,79,61,20.25,0.02131,zoox,5.06
unsupervised learning,98,70,21.43,0.02124,Faculty,7.14
vector search,87,68,19.54,0.02101,Teradata,8.05
retrieval,106,74,22.64,0.02083,Reddit,6.6
power bi,94,69,22.34,0.02082,Adobe,5.32
distributed training,304,139,23.36,0.02069,Anthropic,8.88
data processing,205,121,25.37,0.02058,Anthropic,7.32
data labeling,84,64,20.24,0.02041,zoox,4.76
segmentation,100,71,21.0,0.0202,Adobe,6.0
benchmarking,173,114,24.86,0.02015,Anthropic,7.51
personalization,123,76,21.14,0.02003,Airwallex,4.88
github,97,73,21.65,0.01966,grvt,6.19
computer science,84,64,17.86,0.01956,Capital One,4.76
machine learning algorithms,85,63,17.65,0.01952,teads1,3.53
quantization,131,82,21.37,0.0194,Adobe,5.34
neural networks,135,85,21.48,0.01937,Airbnb,5.19
scalability,90,74,20.0,0.01926,Matterworks,6.67
javascript,125,84,20.8,0.01901,doitintl,7.2
latency optimization,107,80,20.56,0.01895,hyphenconnect,6.54
agentic systems,103,77,19.42,0.01895,Sezzle,6.8
supervised learning,114,82,19.3,0.01816,Faculty,6.14
data analytics,135,88,20.0,0.01794,Capital One,5.93
pyspark,139,83,17.99,0.01786,decathlontechnologyen,5.04
apache spark,166,96,18.07,0.01764,Databricks,6.63
cloud platforms,109,81,18.35,0.01742,Faculty,6.42
dashboards,200,109,19.0,0.017,TikTok,5.0
bigquery,139,92,18.71,0.01692,Reddit,5.04
model development,117,91,17.95,0.01658,Opendoor,6.84
experiment design,219,138,21.0,0.01628,Anthropic,6.85
openai,97,77,16.49,0.01626,Fieldguide,4.12
recommendation systems,192,109,19.27,0.01617,Spotify,4.17
production deployment,88,72,13.64,0.01601,hilberts,3.41
model validation,171,107,18.13,0.01597,Waymo,5.26
git,271,167,18.08,0.01551,Braze,8.86
data curation,134,92,16.42,0.01548,torcrobotics,4.48
airflow,305,155,18.03,0.0153,Braze,7.87
data collection,113,84,15.93,0.01527,Grab,3.54
hugging face,112,85,15.18,0.01483,Matterworks,4.46
model serving,161,108,16.77,0.01447,Adobe,4.35
fastapi,156,116,15.38,0.01414,fundraiseup,7.05
version control,141,102,15.6,0.01413,Grab,4.96
data transformation,120,91,14.17,0.01375,Metropolis,3.33
tool use,108,85,12.04,0.01372,Percepta,2.78
snowflake,191,125,16.23,0.01368,Twilio,5.76
clustering,152,100,14.47,0.01359,Capital One,3.95
java,358,181,17.6,0.01353,Teradata,6.42
apis,337,203,20.47,0.01353,Teradata,5.34
exploratory data analysis,166,113,15.06,0.01343,TikTok,4.82
regression,177,115,15.82,0.01337,Moloco,5.08
automation,118,94,13.56,0.01336,Waymo,4.24
databricks,227,129,16.3,0.01329,mirakllabs,4.41
forecasting,211,138,16.59,0.01314,Meta,6.16
data ingestion,101,86,10.89,0.01304,Reddit,2.97
training,151,110,14.57,0.01285,OpenAI,3.31
orchestration,137,106,15.33,0.01273,Waymo,3.65
ai agents,164,118,15.24,0.01257,doitintl,4.88
kubernetes,575,292,18.43,0.01257,Anthropic,7.3
r,635,273,16.54,0.01235,TikTok,6.93
data engineering,215,138,15.81,0.01235,Celonis,5.12
dbt,174,119,13.79,0.01176,Whatnot,3.45
agentic workflows,185,127,14.05,0.0116,DataCamp,4.86
mlflow,251,156,15.14,0.01138,Twilio,3.98
data quality,159,116,12.58,0.01135,OpenAI,2.52
causal inference,508,214,14.76,0.0113,Netflix,3.74
anomaly detection,193,124,12.95,0.0113,Socure,3.11
data preprocessing,149,116,12.75,0.01104,Databricks,3.36
tableau,278,156,14.03,0.01102,Wolt,3.24
model training,537,301,15.46,0.01071,Waymo,6.89
statistical analysis,331,188,14.8,0.01043,Meta,4.23
transformer,375,204,14.93,0.01028,Adobe,4.53
experimentation,492,264,16.26,0.01008,TikTok,4.07
optimization,277,165,11.91,0.01002,Anthropic,3.61
langchain,401,244,15.71,0.00971,Databricks,4.24
langgraph,214,152,12.62,0.00943,ClickUp,2.8
statistical modeling,385,224,15.06,0.00941,Oscar Health,3.64
data modeling,343,203,13.41,0.00941,TikTok,3.79
spark,387,199,12.14,0.00938,Adobe,3.1
numpy,392,228,14.03,0.00937,cobblestoneenergy4,4.08
computer vision,577,272,13.52,0.00923,Waymo,4.68
deployment,224,163,12.5,0.00909,Databricks,3.57
generative ai,544,300,14.89,0.00899,Adobe,4.96
pandas,579,294,14.51,0.00888,Braze,4.15
statistics,421,233,13.54,0.00873,TikTok,3.56
azure,378,234,12.7,0.00871,Databricks,5.03
classification,226,157,10.18,0.00854,inmobi,2.65
testing,295,194,12.2,0.00847,Databricks,3.05
gcp,508,288,13.19,0.00842,Braze,4.72
typescript,287,197,12.2,0.00827,jack-jill-external-ats,3.14
data visualization,544,273,12.32,0.00804,bah,2.94
data science,503,298,13.72,0.00797,Databricks,4.37
deep learning,1118,514,13.51,0.00792,Waymo,5.9
embeddings,277,192,11.55,0.00791,Teradata,3.25
vector databases,295,207,11.19,0.00789,Teradata,4.07
observability,362,243,10.77,0.0074,Anthropic,4.42
ci/cd,501,321,12.18,0.00725,Braze,4.79
data analysis,611,352,12.77,0.00719,TikTok,3.93
predictive modeling,352,234,9.94,0.00717,bah,3.69
a/b testing,676,304,11.09,0.00716,TikTok,2.81
fine-tuning,762,418,12.34,0.00654,Databricks,3.28
evaluation,1010,533,13.17,0.00638,Waymo,3.66
docker,465,290,9.89,0.00627,Faculty,2.58
feature engineering,484,290,9.92,0.00625,Reddit,2.27
scikit-learn,661,370,10.89,0.00617,Braze,3.63
model deployment,551,353,10.89,0.00589,Braze,3.63
tensorflow,1246,570,11.96,0.00583,Waymo,4.01
prompt engineering,590,369,10.68,0.00583,Celonis,3.22
model monitoring,320,240,8.12,0.0057,fundraiseup,1.88
monitoring,427,281,8.9,0.00568,Reddit,2.11
rag,774,457,10.34,0.00548,Databricks,2.71
ai,424,287,8.25,0.00537,Confidential,2.36
pytorch,1995,834,11.08,0.00515,Waymo,3.66
mlops,609,365,8.05,0.00497,Adobe,2.13
data pipelines,891,509,9.09,0.00481,Anthropic,2.58
nlp,840,450,8.93,0.00465,Adobe,2.38
sql,1901,791,8.68,0.00447,TikTok,3.16
aws,841,474,8.32,0.00443,Databricks,2.26
llms,1642,852,7.8,0.0035,Anthropic,2.98
machine learning,3850,1549,7.74,0.00305,Waymo,2.6
python,4571,1729,7.99,0.00289,Anthropic,2.32
